image_lien,species,score_positive,score_negative,score_final,is_mushroom
516381.jpg,Trametes versicolor,0.2564700245857239,0.18632595241069794,0.07014407217502594,True
692348.jpg,Amanita muscaria,0.33972764015197754,0.2513176202774048,0.08841001987457275,True
306566.jpg,Amanita rubescens,0.3336523771286011,0.24167650938034058,0.0919758677482605,True
623093.jpg,Amanita muscaria,0.3271903395652771,0.20385940372943878,0.12333093583583832,True
339598.jpg,Coprinus comatus,0.2928852438926697,0.23100408911705017,0.06188115477561951,True
528288.jpg,Boletus edulis,0.33253633975982666,0.2405591458082199,0.09197719395160675,True
345946.jpg,Russula emetica,0.33570289611816406,0.227807879447937,0.10789501667022705,True
400554.jpg,Pleurotus ostreatus,0.21139132976531982,0.1709219217300415,0.04046940803527832,True
423921.jpg,Amanita muscaria,0.3150046467781067,0.22127659618854523,0.09372805058956146,True
229602.jpg,Ganoderma applanatum,0.2679107189178467,0.23129671812057495,0.03661400079727173,True
657295.jpg,Boletus edulis,0.2827272415161133,0.2582455575466156,0.02448168396949768,True
555272.jpg,Agaricus campestris,0.18250560760498047,0.20007577538490295,-0.017570167779922485,False
375864.jpg,Amanita muscaria,0.3120906949043274,0.22987279295921326,0.08221790194511414,True
581371.jpg,Boletus edulis,0.3081931471824646,0.23455795645713806,0.07363519072532654,True
382246.jpg,Coprinus comatus,0.2885127067565918,0.23872308433055878,0.04978962242603302,True
178651.jpg,Amanita muscaria,0.27324485778808594,0.23291262984275818,0.04033222794532776,True
563214.jpg,Trametes versicolor,0.337812602519989,0.22307728230953217,0.11473532021045685,True
219514.jpg,Agaricus bisporus,0.2993973195552826,0.24767857789993286,0.05171874165534973,True
12247.jpg,Craterellus cornucopioides,0.24496836960315704,0.19429908692836761,0.05066928267478943,True
8556.jpg,Pleurotus ostreatus,0.3323126435279846,0.2093118131160736,0.12300083041191101,True
459782.jpg,Russula emetica,0.2992754578590393,0.2317485511302948,0.0675269067287445,True
7721.jpg,Armillaria mellea,0.2594015598297119,0.20281276106834412,0.0565887987613678,True
15791.jpg,Amanita phalloides,0.3257959485054016,0.24013257026672363,0.08566337823867798,True
650456.jpg,Amanita muscaria,0.3108367919921875,0.21346548199653625,0.09737130999565125,True
109826.jpg,Amanita muscaria,0.3359565734863281,0.24654975533485413,0.089406818151474,True
357159.jpg,Amanita muscaria,0.283239483833313,0.19732677936553955,0.08591270446777344,True
542271.jpg,Cantharellus cibarius,0.28568562865257263,0.21399518847465515,0.07169044017791748,True
149688.jpg,Amanita muscaria,0.33722609281539917,0.23035311698913574,0.10687297582626343,True
480795.jpg,Marasmius oreades,0.308445006608963,0.23366306722164154,0.07478193938732147,True
296486.jpg,Amanita rubescens,0.2938055992126465,0.22612369060516357,0.06768190860748291,True
95582.jpg,Scleroderma citrinum,0.3171454668045044,0.21633276343345642,0.10081270337104797,True
26027.jpg,Amanita muscaria,0.31454792618751526,0.24575965106487274,0.06878827512264252,True
466819.jpg,Boletus edulis,0.33526086807250977,0.2270592451095581,0.10820162296295166,True
586759.jpg,Pleurotus ostreatus,0.31492307782173157,0.2534518539905548,0.06147122383117676,True
89384.jpg,Amanita muscaria,0.30155277252197266,0.2523910105228424,0.04916176199913025,True
356134.jpg,Amanita rubescens,0.30828821659088135,0.20744790136814117,0.10084031522274017,True
35694.jpg,Pleurotus ostreatus,0.2913239002227783,0.22270533442497253,0.06861856579780579,True
27765.jpg,Coprinus comatus,0.27820348739624023,0.23191964626312256,0.046283841133117676,True
131671.jpg,Agaricus bisporus,0.29056960344314575,0.17969314754009247,0.11087645590305328,True
173086.jpg,Amanita muscaria,0.1283063292503357,0.25424301624298096,-0.12593668699264526,False
452141.jpg,Ganoderma applanatum,0.31688594818115234,0.2007516622543335,0.11613428592681885,True
558611.jpg,Trametes versicolor,0.29184412956237793,0.18211840093135834,0.10972572863101959,True
516699.jpg,Trametes versicolor,0.33346104621887207,0.2706453204154968,0.06281572580337524,True
57062.jpg,Boletus edulis,0.33382105827331543,0.24866242706775665,0.08515863120555878,True
480977.jpg,Pleurotus ostreatus,0.30999767780303955,0.21323846280574799,0.09675921499729156,True
334906.jpg,Marasmius oreades,0.3056061267852783,0.22660034894943237,0.07900577783584595,True
683726.jpg,Armillaria mellea,0.2572730779647827,0.1849689483642578,0.0723041296005249,True
469194.jpg,Ganoderma applanatum,0.32548463344573975,0.23817607760429382,0.08730855584144592,True
202191.jpg,Trametes versicolor,0.3253549337387085,0.20091965794563293,0.12443527579307556,True
368225.jpg,Ganoderma applanatum,0.3138549327850342,0.25979095697402954,0.05406397581100464,True
133550.jpg,Armillaria mellea,0.30280596017837524,0.20594081282615662,0.09686514735221863,True
462209.jpg,Craterellus cornucopioides,0.26788240671157837,0.19381138682365417,0.0740710198879242,True
615021.jpg,Amanita muscaria,0.31423419713974,0.21513725817203522,0.09909693896770477,True
360457.jpg,Hydnum repandum,0.33220577239990234,0.22678929567337036,0.10541647672653198,True
108347.jpg,Amanita muscaria,0.3195956349372864,0.2073732316493988,0.11222240328788757,True
350738.jpg,Russula vesca,0.32375383377075195,0.2037610411643982,0.11999279260635376,True
147636.jpg,Phallus impudicus,0.2516273260116577,0.18864049017429352,0.0629868358373642,True
626297.jpg,Coprinus comatus,0.2736753225326538,0.19607199728488922,0.07760332524776459,True
24334.jpg,Amanita muscaria,0.28527697920799255,0.20066069066524506,0.0846162885427475,True
123078.jpg,Amanita muscaria,0.32186752557754517,0.21646243333816528,0.10540509223937988,True
236156.jpg,Russula olivacea,0.2976197302341461,0.252867192029953,0.044752538204193115,True
176054.jpg,Trametes versicolor,0.23756253719329834,0.23072689771652222,0.006835639476776123,True
105514.jpg,Craterellus lutescens,0.333204984664917,0.25444096326828003,0.07876402139663696,True
216030.jpg,Ganoderma applanatum,0.2979310154914856,0.2408643662929535,0.057066649198532104,True
200342.jpg,Ganoderma applanatum,0.26619160175323486,0.19902783632278442,0.06716376543045044,True
215763.jpg,Trametes versicolor,0.26792094111442566,0.2000913918018341,0.06782954931259155,True
669490.jpg,Macrolepiota procera,0.34248027205467224,0.24399681389331818,0.09848345816135406,True
362575.jpg,Agaricus campestris,0.3153897523880005,0.2179628312587738,0.09742692112922668,True
299169.jpg,Trametes versicolor,0.28298836946487427,0.20840859413146973,0.07457977533340454,True
430816.jpg,Cantharellus cibarius,0.31564033031463623,0.2034071683883667,0.11223316192626953,True
362535.jpg,Armillaria mellea,0.3102221190929413,0.22834572196006775,0.08187639713287354,True
67.jpg,Trametes versicolor,0.31389322876930237,0.245228573679924,0.06866465508937836,True
462448.jpg,Hydnum repandum,0.31872111558914185,0.21466347575187683,0.10405763983726501,True
26036.jpg,Amanita muscaria,0.3077964186668396,0.2078917920589447,0.0999046266078949,True
306260.jpg,Schizophyllum commune,0.2682957947254181,0.20783519744873047,0.06046059727668762,True
378999.jpg,Coprinus comatus,0.28707388043403625,0.2668878436088562,0.020186036825180054,True
223341.jpg,Amanita rubescens,0.3107362389564514,0.23939433693885803,0.07134190201759338,True
280318.jpg,Pleurotus ostreatus,0.3510757386684418,0.22039775550365448,0.1306779831647873,True
389239.jpg,Russula rosea,0.2788587808609009,0.22694234549999237,0.05191643536090851,True
349409.jpg,Amanita rubescens,0.3295997381210327,0.22580954432487488,0.10379019379615784,True
62616.jpg,Amanita muscaria,0.3190869688987732,0.2318076193332672,0.08727934956550598,True
119784.jpg,Lactarius deliciosus,0.30810314416885376,0.2345479428768158,0.07355520129203796,True
52851.jpg,Amanita muscaria,0.35085123777389526,0.2523077130317688,0.09854352474212646,True
313398.jpg,Boletus edulis,0.3153352737426758,0.21736997365951538,0.0979653000831604,True
171049.jpg,Cantharellus cibarius,0.3132937550544739,0.21026846766471863,0.10302528738975525,True
480348.jpg,Amanita muscaria,0.27913713455200195,0.21448133885860443,0.06465579569339752,True
408466.jpg,Trametes versicolor,0.2878267467021942,0.2192474752664566,0.06857927143573761,True
481400.jpg,Amanita muscaria,0.29583489894866943,0.20943385362625122,0.08640104532241821,True
61169.jpg,Russula emetica,0.31624412536621094,0.2245883345603943,0.09165579080581665,True
99127.jpg,Amanita rubescens,0.31406617164611816,0.2200106680393219,0.09405550360679626,True
139404.jpg,Boletus edulis,0.312383770942688,0.2505262792110443,0.06185749173164368,True
213932.jpg,Trametes versicolor,0.28197014331817627,0.22138257324695587,0.0605875700712204,True
677939.jpg,Trametes versicolor,0.3422452211380005,0.22597165405750275,0.11627356708049774,True
604909.jpg,Amanita muscaria,0.31348150968551636,0.21369260549545288,0.09978890419006348,True
633185.jpg,Boletus edulis,0.3173756003379822,0.21177582442760468,0.1055997759103775,True
283812.jpg,Scleroderma citrinum,0.30574265122413635,0.21837744116783142,0.08736521005630493,True
579320.jpg,Agaricus bisporus,0.29466909170150757,0.23527099192142487,0.0593980997800827,True
377359.jpg,Agaricus campestris,0.3286570906639099,0.21371915936470032,0.1149379312992096,True
554891.jpg,Trametes versicolor,0.29100286960601807,0.22825095057487488,0.06275191903114319,True
348275.jpg,Agaricus campestris,0.31996381282806396,0.21744397282600403,0.10251984000205994,True
374591.jpg,Phallus impudicus,0.3185574412345886,0.23892435431480408,0.07963308691978455,True
47062.jpg,Trametes versicolor,0.3072478473186493,0.233820378780365,0.0734274685382843,True
57959.jpg,Amanita phalloides,0.32171571254730225,0.21661731600761414,0.10509839653968811,True
153878.jpg,Amanita muscaria,0.3008880019187927,0.23248052597045898,0.06840747594833374,True
287592.jpg,Amanita phalloides,0.33559858798980713,0.23958095908164978,0.09601762890815735,True
297778.jpg,Russula olivacea,0.32261529564857483,0.22087335586547852,0.10174193978309631,True
298536.jpg,Clitocybe nebularis,0.34211277961730957,0.21948730945587158,0.12262547016143799,True
242570.jpg,Boletus edulis,0.3524567782878876,0.22027550637722015,0.13218127191066742,True
280772.jpg,Auricularia auricula-judae,0.30555927753448486,0.22467441856861115,0.08088485896587372,True
586132.jpg,Pleurotus ostreatus,0.25227272510528564,0.19284561276435852,0.059427112340927124,True
275479.jpg,Agaricus campestris,0.3437420725822449,0.24633842706680298,0.0974036455154419,True
592103.jpg,Pleurotus ostreatus,0.3147064447402954,0.23531486093997955,0.07939158380031586,True
217045.jpg,Schizophyllum commune,0.3413957953453064,0.21998250484466553,0.12141329050064087,True
70697.jpg,Boletus edulis,0.3176037073135376,0.2515377402305603,0.0660659670829773,True
633722.jpg,Agaricus campestris,0.34029337763786316,0.21899496018886566,0.1212984174489975,True
472848.jpg,Hydnum repandum,0.31899434328079224,0.24194051325321198,0.07705383002758026,True
671959.jpg,Amanita muscaria,0.31781795620918274,0.2265552580356598,0.09126269817352295,True
106061.jpg,Amanita muscaria,0.27259933948516846,0.25024086236953735,0.022358477115631104,True
629080.jpg,Armillaria mellea,0.3288794755935669,0.23864880204200745,0.09023067355155945,True
373692.jpg,Amanita muscaria,0.31034398078918457,0.22620773315429688,0.0841362476348877,True
274443.jpg,Amanita muscaria,0.3259139657020569,0.1925743818283081,0.13333958387374878,True
389910.jpg,Boletus edulis,0.31289365887641907,0.2105461061000824,0.10234755277633667,True
121970.jpg,Lactarius deliciosus,0.3423433005809784,0.23253366351127625,0.10980963706970215,True
479431.jpg,Boletus edulis,0.29252034425735474,0.1996479332447052,0.09287241101264954,True
204238.jpg,Scleroderma citrinum,0.2843204438686371,0.22811323404312134,0.05620720982551575,True
377730.jpg,Coprinus comatus,0.28879237174987793,0.2145741879940033,0.07421818375587463,True
519898.jpg,Trametes versicolor,0.21379205584526062,0.189102903008461,0.02468915283679962,True
39461.jpg,Pleurotus ostreatus,0.32616329193115234,0.2217198610305786,0.10444343090057373,True
305154.jpg,Trametes versicolor,0.3226544260978699,0.2342141717672348,0.08844025433063507,True
133549.jpg,Armillaria mellea,0.2975612282752991,0.22754894196987152,0.07001228630542755,True
351789.jpg,Ganoderma applanatum,0.3027264475822449,0.23723596334457397,0.0654904842376709,True
475336.jpg,Trametes versicolor,0.3013288676738739,0.21039140224456787,0.09093746542930603,True
509413.jpg,Hydnum repandum,0.2556180953979492,0.18051722645759583,0.0751008689403534,True
279912.jpg,Boletus edulis,0.3355536162853241,0.2333788275718689,0.1021747887134552,True
697630.jpg,Pleurotus ostreatus,0.3013366162776947,0.24427959322929382,0.05705702304840088,True
88962.jpg,Amanita muscaria,0.343405544757843,0.225711852312088,0.117693692445755,True
348493.jpg,Boletus edulis,0.3611559271812439,0.24489091336727142,0.11626501381397247,True
603753.jpg,Craterellus lutescens,0.3139154613018036,0.21690791845321655,0.09700754284858704,True
359517.jpg,Ganoderma applanatum,0.2855810523033142,0.24825331568717957,0.037327736616134644,True
14428.jpg,Ganoderma applanatum,0.3229454755783081,0.21933017671108246,0.10361529886722565,True
48120.jpg,Amanita phalloides,0.3062404990196228,0.2311486303806305,0.07509186863899231,True
582545.jpg,Pleurotus ostreatus,0.3229026198387146,0.23959147930145264,0.08331114053726196,True
70071.jpg,Trametes versicolor,0.30821043252944946,0.21644070744514465,0.09176972508430481,True
49171.jpg,Cantharellus cibarius,0.32767751812934875,0.20374752581119537,0.12392999231815338,True
74844.jpg,Auricularia auricula-judae,0.23222953081130981,0.196248859167099,0.035980671644210815,True
470826.jpg,Phallus impudicus,0.2854253351688385,0.20340386033058167,0.08202147483825684,True
191889.jpg,Lactarius deliciosus,0.3184904158115387,0.2163650095462799,0.10212540626525879,True
202533.jpg,Scleroderma citrinum,0.2860257625579834,0.2392129749059677,0.046812787652015686,True
550779.jpg,Pleurotus ostreatus,0.2987228333950043,0.22111913561820984,0.07760369777679443,True
52415.jpg,Cantharellus cibarius,0.3099229037761688,0.20289692282676697,0.10702598094940186,True
31868.jpg,Coprinus comatus,0.3197995126247406,0.2287670075893402,0.09103250503540039,True
176392.jpg,Craterellus lutescens,0.30027344822883606,0.22997014224529266,0.0703033059835434,True
279920.jpg,Boletus edulis,0.334042489528656,0.2396867722272873,0.09435571730136871,True
135118.jpg,Russula rosea,0.3436201214790344,0.2348300963640213,0.10879002511501312,True
355955.jpg,Agaricus campestris,0.31766194105148315,0.22020944952964783,0.09745249152183533,True
208455.jpg,Pleurotus ostreatus,0.28078946471214294,0.1989288032054901,0.08186066150665283,True
391829.jpg,Amanita muscaria,0.32001808285713196,0.2262832224369049,0.09373486042022705,True
49636.jpg,Phallus impudicus,0.31497126817703247,0.21768945455551147,0.097281813621521,True
284770.jpg,Macrolepiota procera,0.3186298608779907,0.239319309592247,0.07931055128574371,True
71023.jpg,Pleurotus ostreatus,0.29632776975631714,0.2279098927974701,0.06841787695884705,True
238462.jpg,Russula virescens,0.3112723231315613,0.21771490573883057,0.09355741739273071,True
375557.jpg,Ganoderma applanatum,0.26195353269577026,0.2332601249217987,0.028693407773971558,True
406441.jpg,Schizophyllum commune,0.3029814660549164,0.1832852065563202,0.11969625949859619,True
93183.jpg,Scleroderma citrinum,0.2530208230018616,0.20130020380020142,0.051720619201660156,True
191877.jpg,Amanita muscaria,0.33559536933898926,0.2435566782951355,0.09203869104385376,True
295086.jpg,Craterellus lutescens,0.3399101495742798,0.2060670405626297,0.13384310901165009,True
112026.jpg,Amanita muscaria,0.33788713812828064,0.23518233001232147,0.10270480811595917,True
238461.jpg,Russula virescens,0.3279169797897339,0.22796447575092316,0.09995250403881073,True
397772.jpg,Pleurotus ostreatus,0.30809468030929565,0.22250115871429443,0.08559352159500122,True
626295.jpg,Coprinus comatus,0.19512781500816345,0.23303255438804626,-0.03790473937988281,False
472055.jpg,Boletus edulis,0.3399658501148224,0.24409160017967224,0.09587424993515015,True
593044.jpg,Ganoderma applanatum,0.3161717653274536,0.2354879379272461,0.08068382740020752,True
670026.jpg,Armillaria mellea,0.3171793222427368,0.2325250655412674,0.08465425670146942,True
282405.jpg,Amanita phalloides,0.3226929306983948,0.22491136193275452,0.09778156876564026,True
663358.jpg,Russula emetica,0.2888941764831543,0.2094605714082718,0.07943360507488251,True
147639.jpg,Phallus impudicus,0.22366628050804138,0.199243426322937,0.02442285418510437,True
280775.jpg,Auricularia auricula-judae,0.30930963158607483,0.23990869522094727,0.06940093636512756,True
294825.jpg,Amanita muscaria,0.3185006082057953,0.2441084235906601,0.07439218461513519,True
282234.jpg,Amanita phalloides,0.3029821217060089,0.23255766928195953,0.07042445242404938,True
472555.jpg,Boletus edulis,0.3215048909187317,0.26798877120018005,0.053516119718551636,True
406094.jpg,Auricularia auricula-judae,0.18694756925106049,0.20305882394313812,-0.016111254692077637,False
213842.jpg,Schizophyllum commune,0.3198133111000061,0.24959366023540497,0.07021965086460114,True
146052.jpg,Schizophyllum commune,0.30413007736206055,0.22934114933013916,0.07478892803192139,True
615026.jpg,Amanita muscaria,0.30486828088760376,0.22435729205608368,0.08051098883152008,True
638551.jpg,Russula virescens,0.27328550815582275,0.20299381017684937,0.07029169797897339,True
479270.jpg,Amanita muscaria,0.3139948546886444,0.23211269080638885,0.08188216388225555,True
555275.jpg,Agaricus campestris,0.28248515725135803,0.2406574934720993,0.04182766377925873,True
277090.jpg,Ganoderma applanatum,0.2329309582710266,0.200178325176239,0.0327526330947876,True
473864.jpg,Amanita muscaria,0.3267068862915039,0.22813963890075684,0.09856724739074707,True
321201.jpg,Marasmius oreades,0.27121713757514954,0.2269500195980072,0.044267117977142334,True
129098.jpg,Craterellus cornucopioides,0.3092554211616516,0.21337637305259705,0.09587904810905457,True
631667.jpg,Schizophyllum commune,0.3419734835624695,0.20928731560707092,0.13268616795539856,True
3838.jpg,Craterellus lutescens,0.28720811009407043,0.21068322658538818,0.07652488350868225,True
298361.jpg,Russula sanguinea,0.29507070779800415,0.23642700910568237,0.05864369869232178,True
98382.jpg,Ganoderma applanatum,0.32575660943984985,0.23359596729278564,0.09216064214706421,True
342628.jpg,Amanita muscaria,0.3380820155143738,0.22427010536193848,0.1138119101524353,True
406102.jpg,Auricularia auricula-judae,0.08837159723043442,0.149551123380661,-0.06117952615022659,False
399953.jpg,Schizophyllum commune,0.294094443321228,0.18645808100700378,0.10763636231422424,True
120864.jpg,Amanita muscaria,0.20073693990707397,0.15955477952957153,0.04118216037750244,True
664455.jpg,Agaricus campestris,0.31069791316986084,0.2374524474143982,0.07324546575546265,True
446647.jpg,Craterellus cornucopioides,0.23224762082099915,0.20477043092250824,0.027477189898490906,True
537198.jpg,Russula rosea,0.3085072636604309,0.22644586861133575,0.08206139504909515,True
239903.jpg,Schizophyllum commune,0.3429931700229645,0.22081005573272705,0.12218311429023743,True
481623.jpg,Agaricus bisporus,0.2514066994190216,0.22194817662239075,0.02945852279663086,True
697138.jpg,Amanita phalloides,0.29503822326660156,0.23419177532196045,0.06084644794464111,True
480344.jpg,Amanita muscaria,0.3181997537612915,0.22231973707675934,0.09588001668453217,True
279140.jpg,Pleurotus ostreatus,0.3202541470527649,0.24381592869758606,0.07643821835517883,True
10811.jpg,Hydnum repandum,0.27265089750289917,0.2177140861749649,0.054936811327934265,True
336875.jpg,Agaricus campestris,0.29885923862457275,0.22180485725402832,0.07705438137054443,True
266812.jpg,Amanita muscaria,0.31887638568878174,0.23856553435325623,0.08031085133552551,True
293048.jpg,Ganoderma applanatum,0.20701473951339722,0.21957741677761078,-0.012562677264213562,False
598147.jpg,Pleurotus ostreatus,0.2707490921020508,0.19535517692565918,0.0753939151763916,True
706.jpg,Agaricus bisporus,0.3062615990638733,0.2566268742084503,0.049634724855422974,True
130060.jpg,Trametes versicolor,0.322706401348114,0.23135660588741302,0.09134979546070099,True
239852.jpg,Trametes versicolor,0.2707881033420563,0.20871981978416443,0.062068283557891846,True
478767.jpg,Amanita muscaria,0.3090883493423462,0.20496150851249695,0.10412684082984924,True
396369.jpg,Boletus edulis,0.3018494248390198,0.22475078701972961,0.07709863781929016,True
49397.jpg,Trametes versicolor,0.3088115453720093,0.22288048267364502,0.08593106269836426,True
62473.jpg,Amanita muscaria,0.310702383518219,0.23496781289577484,0.07573457062244415,True
370861.jpg,Marasmius oreades,0.3275613784790039,0.2408933937549591,0.0866679847240448,True
343687.jpg,Ganoderma applanatum,0.2839609980583191,0.23017947375774384,0.053781524300575256,True
587411.jpg,Amanita muscaria,0.3365824818611145,0.22964593768119812,0.10693654417991638,True
4826.jpg,Coprinus comatus,0.2919187545776367,0.19120672345161438,0.10071203112602234,True
684235.jpg,Ganoderma applanatum,0.20143377780914307,0.21708403527736664,-0.015650257468223572,False
102119.jpg,Amanita muscaria,0.31949689984321594,0.2238444685935974,0.09565243124961853,True
403912.jpg,Agaricus bisporus,0.29079699516296387,0.19595037400722504,0.09484662115573883,True
688044.jpg,Boletus edulis,0.2570699453353882,0.21454837918281555,0.04252156615257263,True
582327.jpg,Amanita muscaria,0.28698042035102844,0.2160310447216034,0.07094937562942505,True
376244.jpg,Amanita muscaria,0.30728769302368164,0.23533201217651367,0.07195568084716797,True
110048.jpg,Amanita muscaria,0.33841294050216675,0.21742643415927887,0.12098650634288788,True
582724.jpg,Armillaria mellea,0.2818552255630493,0.24242441356182098,0.03943081200122833,True
399790.jpg,Trametes versicolor,0.288749635219574,0.21280264854431152,0.07594698667526245,True
547266.jpg,Amanita phalloides,0.3456870913505554,0.22276057302951813,0.12292651832103729,True
22671.jpg,Trametes versicolor,0.3109195828437805,0.2098405361175537,0.1010790467262268,True
71485.jpg,Amanita phalloides,0.3063492178916931,0.2234000563621521,0.08294916152954102,True
46009.jpg,Ganoderma applanatum,0.3231084942817688,0.23092687129974365,0.09218162298202515,True
62564.jpg,Boletus edulis,0.3138284385204315,0.21933698654174805,0.09449145197868347,True
329722.jpg,Auricularia auricula-judae,0.23188969492912292,0.2324172556400299,-0.0005275607109069824,False
488944.jpg,Coprinus comatus,0.27002161741256714,0.24298721551895142,0.027034401893615723,True
11596.jpg,Clitocybe nebularis,0.3207111954689026,0.20435838401317596,0.11635281145572662,True
640236.jpg,Amanita rubescens,0.3248599171638489,0.234358549118042,0.09050136804580688,True
354294.jpg,Boletus edulis,0.3155020475387573,0.22269678115844727,0.09280526638031006,True
68932.jpg,Schizophyllum commune,0.2754879891872406,0.20757080614566803,0.06791718304157257,True
151785.jpg,Russula olivacea,0.278011679649353,0.20884743332862854,0.06916424632072449,True
226038.jpg,Russula cyanoxantha,0.3315904140472412,0.20556622743606567,0.12602418661117554,True
298397.jpg,Hydnum repandum,0.3652808666229248,0.23114420473575592,0.13413666188716888,True
419981.jpg,Russula cyanoxantha,0.31896620988845825,0.2340269684791565,0.08493924140930176,True
641736.jpg,Trametes versicolor,0.3274996876716614,0.209004208445549,0.11849547922611237,True
279673.jpg,Amanita rubescens,0.3397004008293152,0.23367738723754883,0.10602301359176636,True
361627.jpg,Russula cyanoxantha,0.3480881154537201,0.251120388507843,0.09696772694587708,True
372995.jpg,Amanita muscaria,0.3122183680534363,0.21720066666603088,0.0950177013874054,True
169157.jpg,Hydnum repandum,0.315110445022583,0.23957735300064087,0.07553309202194214,True
663537.jpg,Boletus edulis,0.31485122442245483,0.24084772169589996,0.07400350272655487,True
387107.jpg,Armillaria mellea,0.3201255202293396,0.21966636180877686,0.10045915842056274,True
378348.jpg,Boletus edulis,0.3443080484867096,0.22669263184070587,0.11761541664600372,True
12746.jpg,Coprinus comatus,0.29215294122695923,0.19325000047683716,0.09890294075012207,True
405097.jpg,Trametes versicolor,0.30324751138687134,0.20268577337265015,0.10056173801422119,True
585147.jpg,Boletus edulis,0.3213692307472229,0.23735098540782928,0.08401824533939362,True
240745.jpg,Amanita rubescens,0.3075987994670868,0.20670859515666962,0.10089020431041718,True
285386.jpg,Coprinus comatus,0.2675588130950928,0.22973006963729858,0.03782874345779419,True
112388.jpg,Marasmius oreades,0.25455740094184875,0.23559421300888062,0.01896318793296814,True
215665.jpg,Pleurotus ostreatus,0.3258635699748993,0.21004176139831543,0.11582180857658386,True
300510.jpg,Craterellus cornucopioides,0.23286589980125427,0.20249763131141663,0.030368268489837646,True
122599.jpg,Amanita muscaria,0.3177361488342285,0.21585413813591003,0.10188201069831848,True
46493.jpg,Russula cyanoxantha,0.32487940788269043,0.23545685410499573,0.0894225537776947,True
72913.jpg,Amanita muscaria,0.24997739493846893,0.2767255902290344,-0.02674819529056549,False
271617.jpg,Macrolepiota procera,0.3151371479034424,0.2311868518590927,0.08395029604434967,True
114797.jpg,Trametes versicolor,0.3347323536872864,0.2366909384727478,0.09804141521453857,True
371048.jpg,Amanita phalloides,0.32355791330337524,0.2249642014503479,0.09859371185302734,True
509952.jpg,Ganoderma applanatum,0.2704767882823944,0.24313068389892578,0.027346104383468628,True
354780.jpg,Russula olivacea,0.3239946663379669,0.24142801761627197,0.08256664872169495,True
638546.jpg,Russula virescens,0.2823144793510437,0.18501420319080353,0.09730027616024017,True
435044.jpg,Russula vesca,0.324396014213562,0.22246822714805603,0.10192778706550598,True
122564.jpg,Russula vesca,0.3422728180885315,0.23938176035881042,0.10289105772972107,True
469080.jpg,Craterellus lutescens,0.32103899121284485,0.22325116395950317,0.09778782725334167,True
528707.jpg,Marasmius oreades,0.2782374322414398,0.23423467576503754,0.04400275647640228,True
59727.jpg,Scleroderma citrinum,0.267170250415802,0.2144329845905304,0.052737265825271606,True
505966.jpg,Trametes versicolor,0.29399940371513367,0.22950978577136993,0.06448961794376373,True
172979.jpg,Amanita muscaria,0.35473495721817017,0.2540305554866791,0.10070440173149109,True
324777.jpg,Amanita rubescens,0.32172664999961853,0.19759511947631836,0.12413153052330017,True
189323.jpg,Coprinus comatus,0.2939167618751526,0.20544087886810303,0.08847588300704956,True
623557.jpg,Russula emetica,0.3151077628135681,0.23222829401493073,0.08287946879863739,True
103513.jpg,Amanita muscaria,0.30688396096229553,0.19442333281040192,0.11246062815189362,True
161388.jpg,Amanita phalloides,0.32563284039497375,0.2193465530872345,0.10628628730773926,True
446627.jpg,Russula virescens,0.33306580781936646,0.2265288233757019,0.10653698444366455,True
216088.jpg,Ganoderma applanatum,0.32074540853500366,0.21641501784324646,0.1043303906917572,True
569887.jpg,Coprinus comatus,0.24703732132911682,0.2271719127893448,0.019865408539772034,True
307015.jpg,Pleurotus ostreatus,0.3299463391304016,0.20122461020946503,0.12872172892093658,True
236563.jpg,Amanita rubescens,0.3443557024002075,0.23857808113098145,0.10577762126922607,True
272731.jpg,Coprinus comatus,0.3284096419811249,0.23456287384033203,0.09384676814079285,True
276506.jpg,Russula olivacea,0.28159207105636597,0.1990847885608673,0.08250728249549866,True
84190.jpg,Amanita muscaria,0.3113730549812317,0.25309059023857117,0.05828246474266052,True
680430.jpg,Marasmius oreades,0.3223274350166321,0.2585766017436981,0.06375083327293396,True
593973.jpg,Boletus edulis,0.31437671184539795,0.2057967185974121,0.10857999324798584,True
415566.jpg,Ganoderma applanatum,0.2199651449918747,0.2018701583147049,0.0180949866771698,True
345079.jpg,Amanita rubescens,0.32315653562545776,0.25654008984565735,0.06661644577980042,True
692805.jpg,Russula sanguinea,0.28120437264442444,0.20673015713691711,0.07447421550750732,True
604287.jpg,Amanita rubescens,0.3372688889503479,0.24018481373786926,0.09708407521247864,True
559972.jpg,Macrolepiota procera,0.29836004972457886,0.2268761694431305,0.07148388028144836,True
1752.jpg,Hydnum repandum,0.32757994532585144,0.23242010176181793,0.09515984356403351,True
488805.jpg,Amanita phalloides,0.32252591848373413,0.22052186727523804,0.1020040512084961,True
9224.jpg,Russula cyanoxantha,0.28250476717948914,0.2172154039144516,0.06528936326503754,True
128616.jpg,Amanita muscaria,0.28976964950561523,0.20967592298984528,0.08009372651576996,True
336125.jpg,Amanita rubescens,0.3307138681411743,0.21662048995494843,0.11409337818622589,True
391961.jpg,Clitocybe nebularis,0.27282071113586426,0.19136983156204224,0.08145087957382202,True
668642.jpg,Lactarius deliciosus,0.33338630199432373,0.2511777877807617,0.08220851421356201,True
26041.jpg,Amanita muscaria,0.23173481225967407,0.2658175528049469,-0.03408274054527283,False
500340.jpg,Russula sanguinea,0.32001081109046936,0.23556801676750183,0.08444279432296753,True
186254.jpg,Craterellus lutescens,0.3070280849933624,0.20954707264900208,0.09748101234436035,True
23884.jpg,Pleurotus ostreatus,0.18386176228523254,0.22689269483089447,-0.043030932545661926,False
182872.jpg,Amanita phalloides,0.28783267736434937,0.22704686224460602,0.06078581511974335,True
373159.jpg,Boletus edulis,0.3143605589866638,0.19945964217185974,0.11490091681480408,True
436341.jpg,Boletus edulis,0.27753448486328125,0.19781994819641113,0.07971453666687012,True
506940.jpg,Clitocybe nebularis,0.28932392597198486,0.2134959101676941,0.07582801580429077,True
186949.jpg,Pleurotus ostreatus,0.3050718307495117,0.23436987400054932,0.0707019567489624,True
646989.jpg,Lactarius deliciosus,0.3048394024372101,0.2244260013103485,0.08041340112686157,True
584989.jpg,Russula cyanoxantha,0.3343943953514099,0.20413827896118164,0.13025611639022827,True
96186.jpg,Russula virescens,0.3042616844177246,0.2032833695411682,0.1009783148765564,True
482460.jpg,Russula sanguinea,0.26752543449401855,0.19399866461753845,0.0735267698764801,True
520588.jpg,Ganoderma applanatum,0.32431912422180176,0.21052873134613037,0.11379039287567139,True
119294.jpg,Amanita phalloides,0.307126522064209,0.20439401268959045,0.10273250937461853,True
337646.jpg,Marasmius oreades,0.290625661611557,0.22831013798713684,0.062315523624420166,True
163574.jpg,Boletus edulis,0.2990778982639313,0.23510995507240295,0.06396794319152832,True
90865.jpg,Trametes versicolor,0.28371962904930115,0.19999614357948303,0.08372348546981812,True
266083.jpg,Boletus edulis,0.3186803460121155,0.22248899936676025,0.09619134664535522,True
690331.jpg,Amanita phalloides,0.34009844064712524,0.2606801688671112,0.07941827178001404,True
146348.jpg,Schizophyllum commune,0.2965317964553833,0.20345257222652435,0.09307922422885895,True
573596.jpg,Marasmius oreades,0.3174268305301666,0.21925507485866547,0.09817175567150116,True
158807.jpg,Phallus impudicus,0.2979658842086792,0.21183539927005768,0.08613048493862152,True
2787.jpg,Russula olivacea,0.2913977801799774,0.18516698479652405,0.10623079538345337,True
361153.jpg,Hydnum repandum,0.3273891806602478,0.25602132081985474,0.07136785984039307,True
324655.jpg,Pleurotus ostreatus,0.3164612650871277,0.23431488871574402,0.08214637637138367,True
302299.jpg,Trametes versicolor,0.32060718536376953,0.22066138684749603,0.0999457985162735,True
263308.jpg,Ganoderma applanatum,0.3021301031112671,0.207696333527565,0.09443376958370209,True
151771.jpg,Russula cyanoxantha,0.29362642765045166,0.23961925506591797,0.05400717258453369,True
195213.jpg,Pleurotus ostreatus,0.302203893661499,0.2226620316505432,0.07954186201095581,True
145954.jpg,Lactarius deliciosus,0.31898045539855957,0.2449294626712799,0.07405099272727966,True
127827.jpg,Amanita phalloides,0.3282729983329773,0.23482215404510498,0.09345084428787231,True
143956.jpg,Auricularia auricula-judae,0.3022664189338684,0.20390363037586212,0.09836278855800629,True
101798.jpg,Macrolepiota procera,0.33072182536125183,0.2290300726890564,0.10169175267219543,True
691004.jpg,Schizophyllum commune,0.24986252188682556,0.2073008269071579,0.042561694979667664,True
43163.jpg,Pleurotus ostreatus,0.30667874217033386,0.22892552614212036,0.0777532160282135,True
140027.jpg,Ganoderma applanatum,0.3294144570827484,0.20805856585502625,0.12135589122772217,True
241226.jpg,Amanita rubescens,0.36550307273864746,0.2108680009841919,0.15463507175445557,True
55970.jpg,Pleurotus ostreatus,0.2538176476955414,0.21322068572044373,0.040596961975097656,True
615475.jpg,Cantharellus cibarius,0.32232925295829773,0.23335103690624237,0.08897821605205536,True
51438.jpg,Ganoderma applanatum,0.3099575936794281,0.24984757602214813,0.06011001765727997,True
367333.jpg,Macrolepiota procera,0.3328213095664978,0.2299121618270874,0.1029091477394104,True
133548.jpg,Armillaria mellea,0.2488710880279541,0.18167880177497864,0.06719228625297546,True
46011.jpg,Ganoderma applanatum,0.2871852517127991,0.23811540007591248,0.0490698516368866,True
540492.jpg,Amanita rubescens,0.31081414222717285,0.21590454876422882,0.09490959346294403,True
173485.jpg,Boletus edulis,0.28214895725250244,0.23859916627407074,0.0435497909784317,True
68966.jpg,Coprinus comatus,0.29360151290893555,0.22200433909893036,0.07159717381000519,True
512956.jpg,Cantharellus cibarius,0.3275721073150635,0.2167176902294159,0.11085441708564758,True
482989.jpg,Amanita phalloides,0.3267773389816284,0.23520886898040771,0.0915684700012207,True
486478.jpg,Amanita phalloides,0.32313016057014465,0.22738349437713623,0.09574666619300842,True
120251.jpg,Pleurotus ostreatus,0.3107260763645172,0.20883625745773315,0.10188981890678406,True
367392.jpg,Boletus edulis,0.3301420211791992,0.215584397315979,0.11455762386322021,True
416709.jpg,Russula vesca,0.30170562863349915,0.21708780527114868,0.08461782336235046,True
29118.jpg,Pleurotus ostreatus,0.3116973042488098,0.22393086552619934,0.08776643872261047,True
660115.jpg,Lactarius deliciosus,0.32279402017593384,0.23914344608783722,0.08365057408809662,True
279419.jpg,Amanita phalloides,0.3399670124053955,0.2447693645954132,0.0951976478099823,True
15396.jpg,Trametes versicolor,0.33860957622528076,0.23957860469818115,0.09903097152709961,True
124397.jpg,Craterellus lutescens,0.2525703012943268,0.22731125354766846,0.025259047746658325,True
635098.jpg,Scleroderma citrinum,0.3048250079154968,0.21605615317821503,0.0887688547372818,True
303938.jpg,Schizophyllum commune,0.2451910823583603,0.2360936552286148,0.009097427129745483,True
71304.jpg,Amanita muscaria,0.3065641522407532,0.20863869786262512,0.09792545437812805,True
309684.jpg,Russula emetica,0.33140307664871216,0.24796555936336517,0.08343751728534698,True
35121.jpg,Phallus impudicus,0.2540528476238251,0.18627384305000305,0.06777900457382202,True
547265.jpg,Amanita phalloides,0.34230440855026245,0.23372822999954224,0.10857617855072021,True
231079.jpg,Schizophyllum commune,0.3089328408241272,0.2248990535736084,0.0840337872505188,True
376183.jpg,Amanita muscaria,0.30901017785072327,0.26549631357192993,0.043513864278793335,True
464117.jpg,Armillaria mellea,0.30520689487457275,0.21596436202526093,0.08924253284931183,True
149987.jpg,Amanita muscaria,0.325557142496109,0.2242431938648224,0.10131394863128662,True
157693.jpg,Craterellus lutescens,0.2901995778083801,0.22478799521923065,0.06541158258914948,True
670440.jpg,Amanita muscaria,0.28886348009109497,0.20334535837173462,0.08551812171936035,True
62271.jpg,Clitocybe nebularis,0.31318163871765137,0.22474145889282227,0.0884401798248291,True
582907.jpg,Boletus edulis,0.33149784803390503,0.22702936828136444,0.10446847975254059,True
471089.jpg,Russula rosea,0.2833788990974426,0.24920602142810822,0.03417287766933441,True
683739.jpg,Armillaria mellea,0.2667469084262848,0.18909786641597748,0.07764904201030731,True
201393.jpg,Agaricus campestris,0.33173781633377075,0.23524880409240723,0.09648901224136353,True
72915.jpg,Amanita muscaria,0.32247573137283325,0.20851805806159973,0.11395767331123352,True
113600.jpg,Amanita muscaria,0.3080980181694031,0.26566535234451294,0.04243266582489014,True
309211.jpg,Armillaria mellea,0.3058285713195801,0.23013949394226074,0.07568907737731934,True
22616.jpg,Amanita rubescens,0.2735932469367981,0.2320297360420227,0.04156351089477539,True
246294.jpg,Russula vesca,0.31338971853256226,0.24336004257202148,0.07002967596054077,True
126870.jpg,Schizophyllum commune,0.30913686752319336,0.22410817444324493,0.08502869307994843,True
278200.jpg,Boletus edulis,0.33462759852409363,0.2606205940246582,0.07400700449943542,True
485601.jpg,Schizophyllum commune,0.3337910771369934,0.22732245922088623,0.10646861791610718,True
129681.jpg,Amanita muscaria,0.28446123003959656,0.22909404337406158,0.05536718666553497,True
302307.jpg,Amanita muscaria,0.27812784910202026,0.25111109018325806,0.027016758918762207,True
514895.jpg,Clitocybe nebularis,0.27021509408950806,0.2314552217721939,0.03875987231731415,True
522587.jpg,Schizophyllum commune,0.3125375211238861,0.2017970085144043,0.11074051260948181,True
664990.jpg,Macrolepiota procera,0.3412627875804901,0.23431071639060974,0.10695207118988037,True
579508.jpg,Russula olivacea,0.19375492632389069,0.21893882751464844,-0.02518390119075775,False
339265.jpg,Auricularia auricula-judae,0.2667238414287567,0.22385212779045105,0.042871713638305664,True
239482.jpg,Russula rosea,0.2916002571582794,0.23045533895492554,0.06114491820335388,True
439073.jpg,Amanita muscaria,0.34090691804885864,0.21556678414344788,0.12534013390541077,True
481172.jpg,Trametes versicolor,0.26808416843414307,0.20748697221279144,0.060597196221351624,True
306051.jpg,Russula rosea,0.30942583084106445,0.23435097932815552,0.07507485151290894,True
122673.jpg,Boletus edulis,0.24838349223136902,0.211923748254776,0.03645974397659302,True
290883.jpg,Pleurotus ostreatus,0.32088929414749146,0.19169500470161438,0.12919428944587708,True
310323.jpg,Craterellus cornucopioides,0.28594446182250977,0.18533487617969513,0.10060958564281464,True
64004.jpg,Marasmius oreades,0.2953909635543823,0.23791445791721344,0.057476505637168884,True
512237.jpg,Pleurotus ostreatus,0.30578893423080444,0.19759315252304077,0.10819578170776367,True
503982.jpg,Coprinus comatus,0.3441842198371887,0.21920491755008698,0.12497930228710175,True
677916.jpg,Schizophyllum commune,0.22451567649841309,0.19793565571308136,0.026580020785331726,True
520958.jpg,Agaricus bisporus,0.28503870964050293,0.20946377515792847,0.07557493448257446,True
31262.jpg,Coprinus comatus,0.29430320858955383,0.21433863043785095,0.07996457815170288,True
290447.jpg,Trametes versicolor,0.315635621547699,0.2144334763288498,0.10120214521884918,True
290087.jpg,Amanita muscaria,0.28436148166656494,0.24669402837753296,0.03766745328903198,True
108312.jpg,Boletus edulis,0.31462526321411133,0.22561825811862946,0.08900700509548187,True
127531.jpg,Schizophyllum commune,0.2883758842945099,0.21043142676353455,0.07794445753097534,True
318178.jpg,Boletus edulis,0.3061627745628357,0.23595407605171204,0.07020869851112366,True
332192.jpg,Schizophyllum commune,0.29737401008605957,0.2200266569852829,0.07734735310077667,True
644651.jpg,Armillaria mellea,0.28834396600723267,0.2119642198085785,0.07637974619865417,True
491653.jpg,Amanita muscaria,0.29135406017303467,0.2271452248096466,0.06420883536338806,True
17188.jpg,Craterellus lutescens,0.27271801233291626,0.252380907535553,0.02033710479736328,True
242571.jpg,Boletus edulis,0.3341406583786011,0.22040176391601562,0.11373889446258545,True
345052.jpg,Amanita muscaria,0.2681938707828522,0.17735803127288818,0.09083583950996399,True
193038.jpg,Pleurotus ostreatus,0.28910115361213684,0.2048000693321228,0.08430108428001404,True
468827.jpg,Amanita muscaria,0.22915256023406982,0.2168455868959427,0.012306973338127136,True
9255.jpg,Amanita muscaria,0.3362332582473755,0.23809589445590973,0.09813736379146576,True
89285.jpg,Pleurotus ostreatus,0.29766184091567993,0.22651652991771698,0.07114531099796295,True
591818.jpg,Coprinus comatus,0.3035048842430115,0.22149169445037842,0.08201318979263306,True
67709.jpg,Hydnum repandum,0.3253621757030487,0.20654404163360596,0.11881813406944275,True
477471.jpg,Boletus edulis,0.2889871895313263,0.20580525696277618,0.08318193256855011,True
357189.jpg,Amanita phalloides,0.3168039917945862,0.2499590367078781,0.06684495508670807,True
473884.jpg,Amanita muscaria,0.3196723461151123,0.2204960286617279,0.0991763174533844,True
206239.jpg,Russula rosea,0.2905217409133911,0.22479364275932312,0.065728098154068,True
523841.jpg,Boletus edulis,0.33712705969810486,0.23583495616912842,0.10129210352897644,True
585676.jpg,Coprinus comatus,0.2499583512544632,0.18359336256980896,0.06636498868465424,True
29734.jpg,Pleurotus ostreatus,0.31416502594947815,0.2403949648141861,0.07377006113529205,True
544064.jpg,Craterellus lutescens,0.3135989308357239,0.22065633535385132,0.09294259548187256,True
186424.jpg,Pleurotus ostreatus,0.2987141013145447,0.24335429072380066,0.05535981059074402,True
585325.jpg,Armillaria mellea,0.27843421697616577,0.22565391659736633,0.05278030037879944,True
71492.jpg,Pleurotus ostreatus,0.299294650554657,0.23503756523132324,0.06425708532333374,True
278312.jpg,Trametes versicolor,0.2662554383277893,0.20900006592273712,0.057255372405052185,True
352170.jpg,Amanita rubescens,0.3172388970851898,0.2288948893547058,0.08834400773048401,True
268923.jpg,Amanita muscaria,0.3103424906730652,0.2596173584461212,0.05072513222694397,True
497850.jpg,Amanita phalloides,0.2951473593711853,0.18893963098526,0.10620772838592529,True
1532.jpg,Amanita phalloides,0.21235597133636475,0.22146621346473694,-0.009110242128372192,False
192686.jpg,Trametes versicolor,0.29426291584968567,0.19666221737861633,0.09760069847106934,True
21057.jpg,Agaricus campestris,0.18944931030273438,0.2263445109128952,-0.03689520061016083,False
511180.jpg,Ganoderma applanatum,0.2779141366481781,0.22665110230445862,0.05126303434371948,True
374942.jpg,Lactarius deliciosus,0.3107586205005646,0.22607779502868652,0.08468082547187805,True
62476.jpg,Amanita muscaria,0.21968495845794678,0.17269019782543182,0.046994760632514954,True
70137.jpg,Ganoderma applanatum,0.3011149764060974,0.21119916439056396,0.08991581201553345,True
575648.jpg,Agaricus campestris,0.33814409375190735,0.24367885291576385,0.0944652408361435,True
125856.jpg,Armillaria mellea,0.32930803298950195,0.2379962056875229,0.09131182730197906,True
373978.jpg,Amanita muscaria,0.31617072224617004,0.22936522960662842,0.08680549263954163,True
492825.jpg,Pleurotus ostreatus,0.3080959618091583,0.20993643999099731,0.09815952181816101,True
584033.jpg,Boletus edulis,0.32759878039360046,0.2352685034275055,0.09233027696609497,True
69243.jpg,Russula vesca,0.2999802529811859,0.21626201272010803,0.08371824026107788,True
672690.jpg,Boletus edulis,0.2995581030845642,0.202379509806633,0.09717859327793121,True
594713.jpg,Pleurotus ostreatus,0.28466904163360596,0.22800657153129578,0.05666247010231018,True
599557.jpg,Craterellus cornucopioides,0.2922861576080322,0.2211887240409851,0.07109743356704712,True
519294.jpg,Scleroderma citrinum,0.30723118782043457,0.21200397610664368,0.0952272117137909,True
281170.jpg,Scleroderma citrinum,0.3150688707828522,0.22601209580898285,0.08905677497386932,True
239383.jpg,Hydnum repandum,0.2930648922920227,0.19106273353099823,0.10200215876102448,True
99656.jpg,Cantharellus cibarius,0.20052459836006165,0.1756267547607422,0.024897843599319458,True
429324.jpg,Boletus edulis,0.3346942067146301,0.2340075671672821,0.10068663954734802,True
283977.jpg,Boletus edulis,0.266647607088089,0.21185797452926636,0.05478963255882263,True
204888.jpg,Ganoderma applanatum,0.26320382952690125,0.1993582844734192,0.06384554505348206,True
241559.jpg,Trametes versicolor,0.30941295623779297,0.22195355594158173,0.08745940029621124,True
289660.jpg,Coprinus comatus,0.30863508582115173,0.2200678437948227,0.08856724202632904,True
647456.jpg,Trametes versicolor,0.23901645839214325,0.19913873076438904,0.03987772762775421,True
636109.jpg,Russula vesca,0.2059483379125595,0.2378891557455063,-0.03194081783294678,False
121518.jpg,Russula sanguinea,0.29708796739578247,0.2322852611541748,0.06480270624160767,True
302670.jpg,Trametes versicolor,0.27618208527565,0.18898333609104156,0.08719874918460846,True
139569.jpg,Ganoderma applanatum,0.2808738946914673,0.20784133672714233,0.07303255796432495,True
670386.jpg,Macrolepiota procera,0.2974531948566437,0.2474668174982071,0.049986377358436584,True
273102.jpg,Coprinus comatus,0.22640199959278107,0.18570250272750854,0.04069949686527252,True
146795.jpg,Russula rosea,0.29944711923599243,0.1978042721748352,0.10164284706115723,True
481735.jpg,Boletus edulis,0.32828933000564575,0.22402732074260712,0.10426200926303864,True
669902.jpg,Armillaria mellea,0.31708526611328125,0.23138436675071716,0.08570089936256409,True
474473.jpg,Amanita muscaria,0.33573639392852783,0.2439902275800705,0.09174616634845734,True
176468.jpg,Boletus edulis,0.327828586101532,0.2316456139087677,0.09618297219276428,True
199219.jpg,Pleurotus ostreatus,0.3165716528892517,0.24279458820819855,0.07377706468105316,True
361569.jpg,Boletus edulis,0.3296842873096466,0.25413233041763306,0.07555195689201355,True
308932.jpg,Schizophyllum commune,0.27738815546035767,0.18463119864463806,0.0927569568157196,True
117516.jpg,Ganoderma applanatum,0.28464242815971375,0.23927700519561768,0.04536542296409607,True
6543.jpg,Coprinus comatus,0.26158595085144043,0.18696317076683044,0.07462278008460999,True
563338.jpg,Amanita muscaria,0.2995588481426239,0.2350224405527115,0.06453640758991241,True
108582.jpg,Amanita muscaria,0.34559690952301025,0.24281325936317444,0.10278365015983582,True
576230.jpg,Pleurotus ostreatus,0.351826012134552,0.2304440140724182,0.12138199806213379,True
153860.jpg,Agaricus bisporus,0.30527305603027344,0.2032512128353119,0.10202184319496155,True
624380.jpg,Trametes versicolor,0.274935781955719,0.216903418302536,0.05803236365318298,True
89119.jpg,Marasmius oreades,0.3476898670196533,0.22893983125686646,0.11875003576278687,True
28337.jpg,Amanita muscaria,0.3043774962425232,0.2158612310886383,0.08851626515388489,True
145151.jpg,Pleurotus ostreatus,0.3286210894584656,0.20943021774291992,0.11919087171554565,True
436292.jpg,Amanita muscaria,0.3020605444908142,0.20246723294258118,0.09959331154823303,True
28626.jpg,Boletus edulis,0.29004132747650146,0.23226134479045868,0.057779982686042786,True
271417.jpg,Amanita muscaria,0.3527756929397583,0.23987947404384613,0.11289621889591217,True
61166.jpg,Russula emetica,0.3430746793746948,0.23904184997081757,0.10403282940387726,True
282928.jpg,Coprinus comatus,0.26620274782180786,0.18919020891189575,0.07701253890991211,True
276483.jpg,Russula cyanoxantha,0.32413536310195923,0.2050057202577591,0.11912964284420013,True
66483.jpg,Russula sanguinea,0.30327725410461426,0.2292112112045288,0.07406604290008545,True
6529.jpg,Russula olivacea,0.3051881194114685,0.20823821425437927,0.09694990515708923,True
91652.jpg,Marasmius oreades,0.3642491102218628,0.2461821734905243,0.1180669367313385,True
555374.jpg,Amanita muscaria,0.34371548891067505,0.24787309765815735,0.0958423912525177,True
43736.jpg,Lactarius deliciosus,0.283458948135376,0.21330077946186066,0.07015816867351532,True
454723.jpg,Trametes versicolor,0.2796701192855835,0.2354096919298172,0.044260427355766296,True
148184.jpg,Amanita muscaria,0.3245829939842224,0.2145991027355194,0.109983891248703,True
360013.jpg,Lactarius deliciosus,0.3033122420310974,0.23739388585090637,0.06591835618019104,True
273101.jpg,Coprinus comatus,0.3172230124473572,0.24385911226272583,0.07336390018463135,True
372484.jpg,Scleroderma citrinum,0.285166472196579,0.21475033462047577,0.07041613757610321,True
297312.jpg,Clitocybe nebularis,0.3214269280433655,0.23714828491210938,0.0842786431312561,True
408245.jpg,Agaricus campestris,0.3425168991088867,0.24008986353874207,0.10242703557014465,True
119114.jpg,Ganoderma applanatum,0.2489863783121109,0.17741811275482178,0.07156826555728912,True
576888.jpg,Amanita muscaria,0.3108263909816742,0.27920666337013245,0.03161972761154175,True
488937.jpg,Pleurotus ostreatus,0.28482383489608765,0.18731147050857544,0.09751236438751221,True
626289.jpg,Coprinus comatus,0.2695566415786743,0.19509729743003845,0.07445934414863586,True
64536.jpg,Armillaria mellea,0.347234308719635,0.22093859314918518,0.12629571557044983,True
76108.jpg,Trametes versicolor,0.23635688424110413,0.22121673822402954,0.015140146017074585,True
495074.jpg,Schizophyllum commune,0.31451719999313354,0.21747462451457977,0.09704257547855377,True
139552.jpg,Trametes versicolor,0.3018692433834076,0.21566522121429443,0.08620402216911316,True
77854.jpg,Scleroderma citrinum,0.28132230043411255,0.20861300826072693,0.07270929217338562,True
186623.jpg,Clitocybe nebularis,0.3038044571876526,0.23833560943603516,0.06546884775161743,True
359398.jpg,Boletus edulis,0.30570849776268005,0.21271947026252747,0.09298902750015259,True
307374.jpg,Russula virescens,0.3179292678833008,0.22432595491409302,0.09360331296920776,True
579162.jpg,Trametes versicolor,0.3263933062553406,0.22281613945960999,0.10357716679573059,True
1229.jpg,Amanita muscaria,0.2975143492221832,0.2187207043170929,0.07879364490509033,True
97081.jpg,Russula virescens,0.33267927169799805,0.2333405315876007,0.09933874011039734,True
6542.jpg,Coprinus comatus,0.27019578218460083,0.19387347996234894,0.07632230222225189,True
20776.jpg,Agaricus campestris,0.27831798791885376,0.2154501974582672,0.06286779046058655,True
264977.jpg,Ganoderma applanatum,0.31463855504989624,0.24791088700294495,0.0667276680469513,True
390109.jpg,Russula sanguinea,0.2824951410293579,0.21259668469429016,0.06989845633506775,True
463762.jpg,Armillaria mellea,0.32304197549819946,0.21211406588554382,0.11092790961265564,True
490989.jpg,Craterellus cornucopioides,0.2483617663383484,0.20794090628623962,0.040420860052108765,True
584034.jpg,Boletus edulis,0.20343944430351257,0.1882760226726532,0.015163421630859375,True
111608.jpg,Pleurotus ostreatus,0.24678905308246613,0.238305002450943,0.008484050631523132,True
651378.jpg,Pleurotus ostreatus,0.2998368740081787,0.20745567977428436,0.09238119423389435,True
271948.jpg,Schizophyllum commune,0.3130391240119934,0.19673894345760345,0.11630018055438995,True
287628.jpg,Lactarius deliciosus,0.26007625460624695,0.19593216478824615,0.0641440898180008,True
414405.jpg,Ganoderma applanatum,0.29922157526016235,0.23409023880958557,0.06513133645057678,True
493625.jpg,Amanita phalloides,0.34311169385910034,0.24664749205112457,0.09646420180797577,True
629765.jpg,Amanita muscaria,0.2923036217689514,0.23299911618232727,0.059304505586624146,True
309449.jpg,Phallus impudicus,0.32203301787376404,0.2317485511302948,0.09028446674346924,True
2612.jpg,Amanita muscaria,0.28971922397613525,0.24301689863204956,0.04670232534408569,True
68279.jpg,Russula sanguinea,0.21562933921813965,0.17503707110881805,0.040592268109321594,True
321845.jpg,Hydnum repandum,0.23510804772377014,0.20049941539764404,0.0346086323261261,True
644116.jpg,Boletus edulis,0.3338349163532257,0.23172804713249207,0.10210686922073364,True
253199.jpg,Russula vesca,0.33702242374420166,0.23870407044887543,0.09831835329532623,True
137426.jpg,Amanita phalloides,0.33426931500434875,0.22671911120414734,0.10755020380020142,True
32459.jpg,Agaricus campestris,0.3267081379890442,0.23360732197761536,0.09310081601142883,True
528024.jpg,Amanita muscaria,0.3420722484588623,0.23349827527999878,0.10857397317886353,True
99466.jpg,Amanita muscaria,0.3149535655975342,0.2093486189842224,0.10560494661331177,True
141843.jpg,Coprinus comatus,0.26059389114379883,0.2650020122528076,-0.004408121109008789,False
493034.jpg,Russula emetica,0.33217719197273254,0.24034851789474487,0.09182867407798767,True
110649.jpg,Amanita muscaria,0.31948402523994446,0.21446089446544647,0.10502313077449799,True
